INSERT INTO city_code VALUES(380001,'Ahmadabad');
INSERT INTO city_code VALUES(390007,'Vadodara');
INSERT INTO city_code VALUES(395007,'Surat');
INSERT INTO city_code VALUES(370001,'Kutchch');
INSERT INTO city_code VALUES(382421 ,'Gandhinagar');

INSERT INTO customer VALUES(4,'Vivek',' Oberoi', 370001 ,1236547895);
INSERT INTO customer VALUES(1,'Aamir ','Khan ',370001 ,9876543210);
INSERT INTO customer VALUES(6,'Hardik ','Upadhyay', 395007, 9632587412);
INSERT INTO customer VALUES(3,'Akshay',' Kumar', 380001, 1478632519);
INSERT INTO customer VALUES(2,'Salman',' Khan', 382421, 1212121212);
INSERT INTO customer VALUES(5,'Smit',' Patel', 395007 ,987564139);
INSERT INTO customer VALUES(7,'ayush','Jain', 370001 ,1236889895);
INSERT INTO customer VALUES(8,'sameer','Qureshi',370001 ,9885243210);
INSERT INTO customer VALUES(9,'Hardik','Patel', 395007, 9634567412);
INSERT INTO customer VALUES(10,'Akshay','Kapoor', 380001, 1874632519);
INSERT INTO customer VALUES(11,'Amit','Singh', 382421, 1218965312);
INSERT INTO customer VALUES(12,'Rohit','Sharma', 395007 ,978564139);

INSERT INTO branch VALUES(333333,'Diwalipura','Vadodara');
INSERT INTO branch VALUES(444444,'Nanpura','Surat');
INSERT INTO branch VALUES(111111,'Adajan','Surat');
INSERT INTO branch VALUES(222222,'Vishalnagar','Ahmadabad');
INSERT INTO branch VALUES(555555,'Ramchowk','Kutchch');
INSERT INTO branch VALUES(666666,'Nehruchowk','Vadodara');
INSERT INTO branch VALUES(777777,'Vesu','Surat');
INSERT INTO branch VALUES(888888,'Citylight','Surat');
INSERT INTO branch VALUES(999999,'Vipulnagar','Ahmadabad');
INSERT INTO branch VALUES(123456,'Clocktower','Kutchch');

INSERT INTO account VALUES(111111066,50000,1,111111);
INSERT INTO account VALUES(222222087,34050,2,222222);
INSERT INTO account VALUES(333333091,33456,3,333333);
INSERT INTO account VALUES(222222043,95007,6,222222);
INSERT INTO account VALUES(555555065,31232,4,555555);
INSERT INTO account VALUES(111111093,76565,5,111111);
INSERT INTO account VALUES(4444440654,43225,4,444444);
INSERT INTO account VALUES(111111091,50050,7,111111);
INSERT INTO account VALUES(222222012,34750,8,222222);
INSERT INTO account VALUES(333333077,38856,9,333333);
INSERT INTO account VALUES(222222029,95007,10,222222);
INSERT INTO account VALUES(555555095,31232,11,555555);
INSERT INTO account VALUES(111111045,76965,12,111111);

INSERT INTO employee VALUES(1,40000,'Abhi',111111);
INSERT INTO employee VALUES(2,50500,'Akshay',222222);
INSERT INTO employee VALUES(4,76000,'Rupali',555555);
INSERT INTO employee VALUES(3,87000,'Suman',555555);
INSERT INTO employee VALUES(5,54322,'Sanjay',555555);
INSERT INTO employee VALUES(6,65001,'Zaid',333333);
INSERT INTO employee VALUES(7,55555,'Geeta',444444);